,time,open,high,low,close,tick_volume,spread,real_volume
0,1718037000,199.333,199.47,199.332,199.379,3990,25,0
1,1718038800,199.381,199.507,199.301,199.44,2681,25,0
2,1718040600,199.442,199.561,199.43,199.516,3275,25,0
3,1718042400,199.514,199.708,199.496,199.699,2929,27,0
4,1718044200,199.699,199.789,199.647,199.778,1810,17,0
5,1718046000,199.778,199.875,199.774,199.845,2246,15,0
6,1718047800,199.845,199.855,199.797,199.815,1571,28,0
7,1718049600,199.815,199.943,199.785,199.803,2323,24,0
8,1718051400,199.803,199.93,199.781,199.907,1425,25,0
9,1718053200,199.907,199.922,199.809,199.825,1727,30,0
10,1718055000,199.825,200.014,199.819,199.992,1457,26,0
11,1718056800,199.992,200.032,199.938,199.956,1352,28,0
12,1718058600,199.956,199.956,199.857,199.872,1344,28,0
13,1718060400,199.872,199.939,199.834,199.929,573,28,0
14,1718062200,199.928,199.938,199.893,199.893,558,32,0
15,1718064000,199.791,199.896,199.675,199.885,528,74,0
16,1718065800,199.892,199.909,199.783,199.834,1567,40,0
17,1718067600,199.825,199.897,199.825,199.854,1322,21,0
18,1718069400,199.851,199.902,199.825,199.89,1096,32,0
19,1718071200,199.887,199.927,199.849,199.849,812,28,0
20,1718073000,199.85,199.867,199.807,199.833,926,27,0
21,1718074800,199.833,200.042,199.832,200.009,1814,24,0
22,1718076600,200.008,200.149,199.963,200.089,2345,21,0
23,1718078400,200.088,200.111,199.968,200.055,1680,23,0
24,1718080200,200.053,200.138,200.034,200.132,1953,27,0
25,1718082000,200.132,200.163,200.085,200.161,1247,29,0
26,1718083800,200.161,200.245,200.117,200.244,1106,23,0
27,1718085600,200.244,200.296,200.191,200.25,1334,27,0
28,1718087400,200.249,200.283,200.191,200.222,840,27,0
29,1718089200,200.221,200.27,200.2,200.248,903,26,0
30,1718091000,200.249,200.328,200.243,200.259,1413,26,0
31,1718092800,200.259,200.304,200.251,200.26,1000,27,0
32,1718094600,200.26,200.345,200.133,200.298,1903,2,0
33,1718096400,200.299,200.379,200.035,200.168,3463,12,0
34,1718098200,200.167,200.184,199.958,200.04,2387,26,0
35,1718100000,200.04,200.067,199.945,200.053,2686,22,0
36,1718101800,200.052,200.19,200.047,200.163,2809,23,0
37,1718103600,200.164,200.306,200.103,200.305,2763,17,0
38,1718105400,200.304,200.349,200.014,200.044,2685,18,0
39,1718107200,200.043,200.224,199.939,200.085,3839,18,0
40,1718109000,200.084,200.229,200.078,200.218,3193,20,0
41,1718110800,200.218,200.378,200.178,200.339,3444,17,0
42,1718112600,200.336,200.377,200.145,200.163,3417,25,0
43,1718114400,200.164,200.207,200.084,200.183,3132,24,0
44,1718116200,200.183,200.2,200.045,200.108,3713,22,0
45,1718118000,200.103,200.114,199.907,199.967,3873,23,0
46,1718119800,199.967,200.019,199.805,199.926,4262,25,0
47,1718121600,199.928,200.083,199.846,199.951,4243,14,0
48,1718123400,199.951,199.991,199.723,199.765,4614,17,0
49,1718125200,199.767,199.976,199.665,199.906,5509,21,0
50,1718127000,199.913,200.031,199.886,199.969,4287,23,0
51,1718128800,199.97,200.176,199.961,200.079,4191,20,0
52,1718130600,200.081,200.22,200.081,200.128,2279,22,0
53,1718132400,200.128,200.199,200.09,200.132,2025,24,0
54,1718134200,200.132,200.325,200.111,200.315,1642,20,0
55,1718136000,200.315,200.315,200.09,200.096,2694,2,0
56,1718137800,200.094,200.109,200.018,200.03,1513,27,0
57,1718139600,200.03,200.081,199.997,200.077,1669,28,0
58,1718141400,200.081,200.142,200.07,200.121,1890,25,0
59,1718143200,200.12,200.179,200.06,200.07,1577,27,0
60,1718145000,200.07,200.15,200.055,200.14,1650,26,0
61,1718146800,200.14,200.161,200.094,200.106,471,20,0
62,1718148600,200.105,200.181,200.102,200.164,820,31,0
63,1718150400,199.969,200.098,199.945,200.054,284,125,0
64,1718152200,200.054,200.15,200.053,200.124,916,68,0
65,1718154000,200.124,200.177,200.084,200.148,600,39,0
66,1718155800,200.147,200.189,200.137,200.165,309,32,0
67,1718157600,200.172,200.195,200.161,200.179,381,34,0
68,1718159400,200.179,200.196,200.074,200.14,928,24,0
69,1718161200,200.14,200.233,200.105,200.116,1399,26,0
70,1718163000,200.116,200.184,200.046,200.133,2016,22,0
71,1718164800,200.135,200.225,200.058,200.107,2542,20,0
72,1718166600,200.104,200.178,200.056,200.174,1915,19,0
73,1718168400,200.173,200.208,200.142,200.189,1417,21,0
74,1718170200,200.189,200.27,200.184,200.266,1641,27,0
75,1718172000,200.26,200.303,200.246,200.303,1261,25,0
76,1718173800,200.303,200.327,200.27,200.28,1152,22,0
77,1718175600,200.281,200.281,200.202,200.26,1119,28,0
78,1718177400,200.26,200.316,200.246,200.303,965,26,0
79,1718179200,200.304,200.329,200.251,200.329,1099,28,0
80,1718181000,200.33,200.441,200.33,200.439,2082,23,0
81,1718182800,200.434,200.493,200.308,200.369,2836,24,0
82,1718184600,200.369,200.411,200.281,200.337,2769,20,0
83,1718186400,200.338,200.508,200.328,200.408,2006,26,0
84,1718188200,200.406,200.554,200.406,200.506,2784,17,0
85,1718190000,200.507,200.667,200.492,200.622,2781,18,0
86,1718191800,200.622,200.701,200.593,200.667,1620,23,0
87,1718193600,200.668,200.668,200.528,200.606,2468,23,0
88,1718195400,200.606,200.686,200.54,200.669,1921,26,0
89,1718197200,200.667,200.699,200.582,200.691,1849,24,0
90,1718199000,200.691,200.765,200.665,200.756,1670,23,0
91,1718200800,200.755,200.89,200.67,200.691,3032,22,0
92,1718202600,200.689,200.748,200.653,200.741,2423,28,0
93,1718204400,200.742,200.769,200.554,200.554,3167,22,0
94,1718206200,200.584,200.925,200.385,200.694,9539,0,0
95,1718208000,200.695,200.704,200.265,200.322,6449,16,0
96,1718209800,200.32,200.52,199.937,199.943,6232,18,0
97,1718211600,199.94,200.377,199.94,200.271,5345,18,0
98,1718213400,200.269,200.324,199.966,200.051,5616,17,0
99,1718215200,200.048,200.174,199.929,200.059,3688,16,0
100,1718217000,200.059,200.14,199.982,200.14,2848,15,0
101,1718218800,200.139,200.193,200.067,200.088,2174,25,0
102,1718220600,200.087,200.193,200.05,200.12,2256,25,0
103,1718222400,200.121,200.183,200.056,200.078,2777,16,0
104,1718224200,200.077,200.207,200.024,200.064,2004,21,0
105,1718226000,200.055,200.628,200.005,200.324,8825,0,0
106,1718227800,200.323,200.638,200.293,200.617,9911,6,0
107,1718229600,200.621,200.695,200.534,200.547,5526,23,0
108,1718231400,200.547,200.733,200.543,200.694,3628,21,0
109,1718233200,200.694,200.79,200.655,200.75,986,26,0
110,1718235000,200.75,200.752,200.486,200.558,1406,24,0
111,1718236800,200.472,200.472,200.35,200.396,359,74,0
112,1718238600,200.397,200.434,200.37,200.409,499,14,0
113,1718240400,200.409,200.508,200.338,200.413,811,1,0
114,1718242200,200.413,200.61,200.412,200.607,1067,23,0
115,1718244000,200.604,200.677,200.525,200.591,1194,21,0
116,1718245800,200.593,200.668,200.556,200.63,1700,21,0
117,1718247600,200.631,200.73,200.537,200.647,2784,22,0
118,1718249400,200.645,200.674,200.54,200.603,2582,22,0
119,1718251200,200.603,200.651,200.499,200.519,2262,25,0
120,1718253000,200.518,200.61,200.486,200.501,2028,24,0
121,1718254800,200.501,200.715,200.501,200.615,2051,22,0
122,1718256600,200.615,200.775,200.605,200.748,1844,15,0
123,1718258400,200.743,200.801,200.713,200.718,2094,25,0
124,1718260200,200.723,200.786,200.698,200.717,1113,28,0
125,1718262000,200.717,200.762,200.675,200.684,765,25,0
126,1718263800,200.684,200.708,200.654,200.694,1086,21,0
127,1718265600,200.694,200.799,200.688,200.769,1969,10,0
128,1718267400,200.769,200.807,200.707,200.726,2116,26,0
129,1718269200,200.724,200.961,200.695,200.908,2384,14,0
130,1718271000,200.906,200.937,200.764,200.768,3510,25,0
131,1718272800,200.766,201.002,200.733,200.988,3361,22,0
132,1718274600,200.987,201.18,200.966,201.12,3631,15,0
133,1718276400,201.119,201.214,201.07,201.214,3306,27,0
134,1718278200,201.215,201.271,201.111,201.249,2512,20,0
135,1718280000,201.25,201.302,201.064,201.065,3093,26,0
136,1718281800,201.064,201.069,200.914,200.921,2745,22,0
137,1718283600,200.92,200.931,200.822,200.927,2142,27,0
138,1718285400,200.928,200.944,200.715,200.781,2064,24,0
139,1718287200,200.781,200.961,200.746,200.817,2194,23,0
140,1718289000,200.817,200.848,200.64,200.653,2846,27,0
141,1718290800,200.654,200.767,200.587,200.587,3428,15,0
142,1718292600,200.586,200.821,200.481,200.737,7536,4,0
143,1718294400,200.736,201.003,200.68,200.958,5853,0,0
144,1718296200,200.957,201.01,200.755,200.797,5527,13,0
145,1718298000,200.797,200.856,200.605,200.667,4008,20,0
146,1718299800,200.666,200.666,200.314,200.344,4671,19,0
147,1718301600,200.343,200.366,200.089,200.157,4216,17,0
148,1718303400,200.157,200.257,200.002,200.072,3077,17,0
149,1718305200,200.068,200.068,199.679,199.756,3554,12,0
150,1718307000,199.758,199.948,199.722,199.895,3057,25,0
151,1718308800,199.895,200.086,199.794,200.04,2602,13,0
152,1718310600,200.042,200.26,200.04,200.24,1771,8,0
153,1718312400,200.236,200.316,200.206,200.296,1526,19,0
154,1718314200,200.296,200.314,200.186,200.254,1842,18,0
155,1718316000,200.253,200.363,200.236,200.35,1560,28,0
156,1718317800,200.352,200.511,200.337,200.48,1607,26,0
157,1718319600,200.48,200.526,200.426,200.455,1008,28,0
158,1718321400,200.455,200.47,200.366,200.376,801,25,0
159,1718323200,200.255,200.342,200.253,200.325,250,95,0
160,1718325000,200.33,200.343,200.317,200.32,322,0,0
161,1718326800,200.322,200.366,200.286,200.327,1018,26,0
162,1718328600,200.327,200.414,200.315,200.402,920,27,0
163,1718330400,200.403,200.474,200.371,200.44,1045,18,0
164,1718332200,200.439,200.442,200.347,200.377,1187,22,0
165,1718334000,200.377,200.418,200.274,200.355,2094,4,0
166,1718335800,200.353,200.494,200.332,200.433,2281,15,0
167,1718337600,200.433,200.6,200.399,200.584,1826,21,0
168,1718339400,200.585,200.656,200.579,200.616,1382,23,0
169,1718341200,200.615,200.626,200.48,200.55,2016,22,0
170,1718343000,200.548,200.77,200.535,200.747,3071,27,0
171,1718344800,200.747,201.207,200.084,201.174,7458,0,0
172,1718346600,201.175,201.443,201.128,201.242,5526,4,0
173,1718348400,201.243,201.343,201.212,201.309,2368,23,0
174,1718350200,201.309,201.367,201.254,201.352,1892,22,0
175,1718352000,201.351,201.44,201.322,201.411,1720,17,0
176,1718353800,201.412,201.596,201.196,201.508,3137,7,0
177,1718355600,201.507,201.603,201.417,201.417,5574,17,0
178,1718357400,201.418,201.458,200.675,201.139,6113,0,0
179,1718359200,201.14,201.339,200.862,201.039,6269,0,0
180,1718361000,201.04,201.327,200.66,200.707,5996,12,0
181,1718362800,200.707,200.858,200.222,200.605,5841,13,0
182,1718364600,200.607,200.64,200.261,200.341,5439,13,0
183,1718366400,200.34,200.379,200.087,200.122,5031,15,0
184,1718368200,200.12,200.132,199.223,199.592,5685,0,0
185,1718370000,199.591,199.627,199.335,199.461,6518,12,0
186,1718371800,199.46,199.612,199.34,199.416,6141,16,0
187,1718373600,199.413,199.78,199.409,199.747,5303,24,0
188,1718375400,199.747,200.003,199.514,199.515,4594,20,0
189,1718377200,199.516,199.576,199.181,199.307,5598,14,0
190,1718379000,199.306,199.642,199.277,199.54,5787,12,0
191,1718380800,199.545,199.719,199.135,199.143,4534,22,0
192,1718382600,199.14,199.213,198.907,199.111,4901,16,0
193,1718384400,199.112,199.31,198.926,199.256,5672,15,0
194,1718386200,199.256,199.482,199.105,199.338,5284,16,0
195,1718388000,199.338,199.595,199.31,199.524,4026,8,0
196,1718389800,199.524,199.573,199.264,199.472,3079,20,0
197,1718391600,199.472,199.526,199.363,199.483,2018,19,0
198,1718393400,199.483,199.617,199.483,199.562,1919,21,0
199,1718395200,199.565,199.652,199.479,199.487,1783,29,0
200,1718397000,199.486,199.564,199.445,199.53,1441,26,0
201,1718398800,199.53,199.551,199.466,199.467,1709,27,0
202,1718400600,199.467,199.522,199.416,199.426,1546,27,0
203,1718402400,199.427,199.555,199.426,199.529,1240,24,0
204,1718404200,199.527,199.601,199.49,199.601,1070,32,0
205,1718406000,199.601,199.661,199.552,199.624,865,29,0
206,1718407800,199.623,199.702,199.532,199.655,1090,20,0
207,1718582400,199.535,199.637,199.427,199.525,395,90,0
208,1718584200,199.528,199.596,199.446,199.461,540,140,0
209,1718586000,199.486,199.791,199.457,199.768,1303,27,0
210,1718587800,199.768,199.851,199.729,199.821,1773,29,0
211,1718589600,199.825,199.902,199.781,199.846,940,20,0
212,1718591400,199.843,199.861,199.718,199.818,950,26,0
213,1718593200,199.818,199.828,199.477,199.625,2970,12,0
214,1718595000,199.625,199.752,199.615,199.704,1780,18,0
215,1718596800,199.704,199.704,199.569,199.64,2466,19,0
216,1718598600,199.64,199.749,199.628,199.717,1889,21,0
217,1718600400,199.717,199.784,199.701,199.748,1702,26,0
218,1718602200,199.749,199.773,199.683,199.696,1708,27,0
219,1718604000,199.694,199.756,199.601,199.65,3000,16,0
220,1718605800,199.648,199.662,199.507,199.559,2617,24,0
221,1718607600,199.558,199.6,199.509,199.567,1926,26,0
222,1718609400,199.567,199.623,199.532,199.599,1528,27,0
223,1718611200,199.605,199.683,199.603,199.661,1210,24,0
224,1718613000,199.662,199.745,199.544,199.584,1680,21,0
225,1718614800,199.583,199.583,199.046,199.366,4451,14,0
226,1718616600,199.366,199.575,199.312,199.315,3947,15,0
227,1718618400,199.314,199.675,199.245,199.624,4467,19,0
228,1718620200,199.626,199.696,199.375,199.579,3717,22,0
229,1718622000,199.58,199.854,199.539,199.811,3746,15,0
230,1718623800,199.812,199.881,199.677,199.795,3229,23,0
231,1718625600,199.794,199.893,199.642,199.716,2888,23,0
232,1718627400,199.717,199.776,199.618,199.698,2389,20,0
233,1718629200,199.697,199.745,199.489,199.536,2734,23,0
234,1718631000,199.535,199.707,199.496,199.694,1915,28,0
235,1718632800,199.691,199.83,199.672,199.775,2589,23,0
236,1718634600,199.776,199.971,199.774,199.876,3407,23,0
237,1718636400,199.872,199.971,199.839,199.922,3172,21,0
238,1718638200,199.923,200.07,199.9,199.988,3460,24,0
239,1718640000,199.987,200.05,199.879,199.966,3208,19,0
240,1718641800,199.965,200.164,199.89,200.102,3976,22,0
241,1718643600,200.104,200.205,200.07,200.09,3269,25,0
242,1718645400,200.091,200.215,200.075,200.138,2939,20,0
243,1718647200,200.138,200.241,200.063,200.226,2739,22,0
244,1718649000,200.226,200.331,200.126,200.201,2537,23,0
245,1718650800,200.201,200.295,200.162,200.272,2189,27,0
246,1718652600,200.27,200.343,200.202,200.311,1994,25,0
247,1718654400,200.31,200.364,200.26,200.291,1946,25,0
248,1718656200,200.293,200.37,200.293,200.364,1699,24,0
249,1718658000,200.366,200.444,200.364,200.401,1619,26,0
250,1718659800,200.401,200.431,200.344,200.365,1534,13,0
251,1718661600,200.367,200.4,200.31,200.334,1406,28,0
252,1718663400,200.333,200.365,200.315,200.359,1380,26,0
253,1718665200,200.36,200.383,200.331,200.373,474,24,0
254,1718667000,200.372,200.396,200.338,200.346,665,26,0
255,1718668800,200.176,200.297,200.153,200.295,277,98,0
256,1718670600,200.295,200.359,200.277,200.323,1058,44,0
257,1718672400,200.323,200.384,200.275,200.383,366,23,0
258,1718674200,200.388,200.439,200.368,200.406,224,32,0
259,1718676000,200.405,200.413,200.339,200.402,520,26,0
260,1718677800,200.402,200.488,200.394,200.473,484,28,0
261,1718679600,200.472,200.48,200.324,200.402,1977,19,0
262,1718681400,200.399,200.436,200.33,200.398,1959,26,0
263,1718683200,200.396,200.424,200.227,200.281,2657,22,0
264,1718685000,200.283,200.286,200.016,200.102,2319,12,0
265,1718686800,200.1,200.171,200.068,200.095,1958,23,0
266,1718688600,200.095,200.175,200.076,200.164,1723,28,0
267,1718690400,200.164,200.171,200.052,200.116,1825,26,0
268,1718692200,200.116,200.154,200.044,200.141,1158,26,0
269,1718694000,200.141,200.155,200.081,200.109,1211,26,0
270,1718695800,200.109,200.243,200.051,200.19,1440,21,0
271,1718697600,200.19,200.244,200.133,200.2,3224,24,0
272,1718699400,200.2,200.353,200.199,200.347,2390,17,0
273,1718701200,200.342,200.458,200.321,200.399,2483,24,0
274,1718703000,200.396,200.637,200.389,200.619,2718,22,0
275,1718704800,200.62,200.756,200.545,200.659,4401,5,0
276,1718706600,200.66,200.676,200.407,200.48,3466,24,0
277,1718708400,200.48,200.628,200.421,200.558,3931,12,0
278,1718710200,200.558,200.566,200.419,200.523,3448,19,0
279,1718712000,200.523,200.556,200.426,200.508,3124,15,0
280,1718713800,200.506,200.589,200.441,200.529,2684,24,0
281,1718715600,200.53,200.603,200.444,200.585,2447,24,0
282,1718717400,200.585,200.609,200.519,200.599,2595,24,0
283,1718719200,200.599,200.659,200.539,200.585,2304,25,0
284,1718721000,200.585,200.589,200.227,200.345,2370,19,0
285,1718722800,200.344,200.396,200.207,200.208,2945,14,0
286,1718724600,200.215,200.331,200.011,200.294,6385,14,0
287,1718726400,200.293,200.432,200.158,200.374,3753,17,0
288,1718728200,200.368,200.617,200.307,200.617,4935,20,0
289,1718730000,200.615,200.831,200.539,200.738,4820,22,0
290,1718731800,200.738,200.796,200.398,200.432,4389,22,0
291,1718733600,200.434,200.509,200.307,200.331,3155,17,0
292,1718735400,200.331,200.371,200.215,200.338,2790,13,0
293,1718737200,200.338,200.378,200.251,200.279,2090,20,0
294,1718739000,200.28,200.364,200.277,200.315,1681,27,0
295,1718740800,200.315,200.399,200.306,200.365,2516,22,0
296,1718742600,200.368,200.529,200.366,200.523,1853,25,0
297,1718744400,200.519,200.587,200.483,200.537,1842,24,0
298,1718746200,200.537,200.57,200.451,200.529,2130,19,0
299,1718748000,200.523,200.555,200.463,200.513,1556,26,0
300,1718749800,200.514,200.603,200.505,200.603,1401,24,0
301,1718751600,200.605,200.627,200.572,200.61,341,31,0
302,1718753400,200.609,200.611,200.56,200.578,437,29,0
303,1718755200,200.535,200.586,200.529,200.581,297,117,0
304,1718757000,200.586,200.598,200.524,200.556,996,55,0
305,1718758800,200.561,200.649,200.541,200.626,478,38,0
306,1718760600,200.625,200.642,200.594,200.623,390,35,0
307,1718762400,200.617,200.62,200.566,200.568,444,33,0
308,1718764200,200.566,200.595,200.538,200.582,671,32,0
309,1718766000,200.593,200.634,200.543,200.621,1247,28,0
310,1718767800,200.621,200.632,200.538,200.559,1159,18,0
311,1718769600,200.559,200.576,200.449,200.546,1270,15,0
312,1718771400,200.545,200.549,200.466,200.523,1799,30,0
313,1718773200,200.52,200.585,200.518,200.549,1254,24,0
314,1718775000,200.549,200.61,200.509,200.607,1514,25,0
315,1718776800,200.605,200.635,200.576,200.623,961,25,0
316,1718778600,200.622,200.649,200.573,200.594,1472,22,0
317,1718780400,200.593,200.593,200.527,200.556,726,25,0
318,1718782200,200.556,200.574,200.499,200.552,1161,22,0
319,1718784000,200.55,200.581,200.513,200.555,994,25,0
320,1718785800,200.552,200.564,200.4,200.419,1674,24,0
321,1718787600,200.4,200.788,200.4,200.689,2550,0,0
322,1718789400,200.688,200.805,200.587,200.622,2451,16,0
323,1718791200,200.622,200.833,200.529,200.683,3076,20,0
324,1718793000,200.683,200.806,200.608,200.755,2807,10,0
325,1718794800,200.755,200.85,200.718,200.809,2330,25,0
326,1718796600,200.809,200.906,200.755,200.905,1868,25,0
327,1718798400,200.903,201.012,200.861,200.941,2091,24,0
328,1718800200,200.94,201.001,200.877,200.938,1958,24,0
329,1718802000,200.94,201.029,200.927,200.97,2244,21,0
330,1718803800,200.969,201.08,200.927,200.986,2689,24,0
331,1718805600,200.993,201.033,200.928,200.929,2421,25,0
332,1718807400,200.927,201.044,200.925,201.044,1905,25,0
333,1718809200,201.045,201.101,200.948,200.992,2307,23,0
334,1718811000,200.992,200.994,200.737,200.807,1800,23,0
335,1718812800,200.81,200.869,200.789,200.811,1813,27,0
336,1718814600,200.811,200.849,200.779,200.846,1403,20,0
337,1718816400,200.846,200.974,200.83,200.945,1244,20,0
338,1718818200,200.946,201.062,200.906,200.994,1373,23,0
339,1718820000,200.993,201.017,200.885,200.921,1344,24,0
340,1718821800,200.923,200.939,200.888,200.935,613,22,0
341,1718823600,200.933,200.946,200.904,200.906,424,27,0
342,1718825400,200.906,200.922,200.854,200.889,340,29,0
343,1718827200,200.892,200.907,200.869,200.876,283,18,0
344,1718829000,200.874,200.876,200.827,200.835,201,28,0
345,1718830800,200.836,200.839,200.798,200.804,246,30,0
346,1718832600,200.802,200.951,200.8,200.951,340,25,0
347,1718834400,200.951,200.991,200.904,200.919,288,23,0
348,1718836200,200.919,200.952,200.909,200.939,221,30,0
349,1718838000,200.938,201.106,200.922,201.016,473,0,0
350,1718839800,201.014,201.095,201.005,201.06,575,34,0
351,1718841600,200.913,200.925,200.867,200.92,274,130,0
352,1718843400,200.916,201.022,200.916,200.95,687,40,0
353,1718845200,200.962,201.039,200.929,200.98,968,31,0
354,1718847000,200.98,201.012,200.944,200.959,689,29,0
355,1718848800,200.959,200.997,200.873,200.901,848,28,0
356,1718850600,200.905,200.93,200.871,200.906,851,25,0
357,1718852400,200.905,201.0,200.883,200.954,1705,21,0
358,1718854200,200.952,201.001,200.92,200.928,2208,27,0
359,1718856000,200.929,200.998,200.905,200.937,1944,20,0
360,1718857800,200.937,201.024,200.927,200.961,1907,17,0
361,1718859600,200.961,200.989,200.901,200.954,946,23,0
362,1718861400,200.954,200.976,200.874,200.942,988,28,0
363,1718863200,200.942,201.006,200.94,200.999,775,29,0
364,1718865000,200.998,201.037,200.933,200.985,1223,26,0
365,1718866800,200.985,201.101,200.983,201.078,861,28,0
366,1718868600,201.075,201.087,201.006,201.041,1258,24,0
367,1718870400,201.045,201.086,201.011,201.038,1332,28,0
368,1718872200,201.039,201.049,200.896,200.924,1454,25,0
369,1718874000,200.922,201.016,200.881,201.007,2658,19,0
370,1718875800,201.005,201.005,200.823,200.914,2036,21,0
371,1718877600,200.914,201.086,200.908,201.018,2184,19,0
372,1718879400,201.018,201.158,200.932,201.101,3782,1,0
373,1718881200,201.101,201.265,201.081,201.111,3608,11,0
374,1718883000,201.113,201.235,201.093,201.15,3225,18,0
375,1718884800,201.151,201.28,201.114,201.162,2591,22,0
376,1718886600,201.162,201.324,201.127,201.317,2070,24,0
377,1718888400,201.316,201.342,201.213,201.285,2000,25,0
378,1718890200,201.284,201.316,201.163,201.211,1732,24,0
379,1718892000,201.194,201.257,200.843,201.018,3410,12,0
380,1718893800,201.019,201.092,200.86,200.892,2433,20,0
381,1718895600,200.892,200.984,200.775,200.794,2835,23,0
382,1718897400,200.794,201.014,200.771,200.991,5102,23,0
383,1718899200,200.985,201.125,200.927,201.115,3131,17,0
384,1718901000,201.113,201.239,201.085,201.182,3858,21,0
385,1718902800,201.182,201.315,201.125,201.205,3582,23,0
386,1718904600,201.204,201.36,201.176,201.333,3180,24,0
387,1718906400,201.334,201.376,201.129,201.13,3524,23,0
388,1718908200,201.13,201.169,201.076,201.118,2166,25,0
389,1718910000,201.118,201.118,200.996,201.04,1734,22,0
390,1718911800,201.042,201.211,201.025,201.161,2284,25,0
391,1718913600,201.162,201.222,201.08,201.091,2394,25,0
392,1718915400,201.093,201.228,201.075,201.214,1690,24,0
393,1718917200,201.214,201.368,201.212,201.29,1802,20,0
394,1718919000,201.293,201.328,201.18,201.191,1753,19,0
395,1718920800,201.19,201.239,201.132,201.203,1779,19,0
396,1718922600,201.203,201.247,201.156,201.216,1664,21,0
397,1718924400,201.216,201.271,201.127,201.133,639,20,0
398,1718926200,201.13,201.178,201.089,201.142,753,27,0
399,1718928000,201.138,201.155,201.082,201.128,331,51,0
400,1718929800,201.129,201.185,201.104,201.145,1607,32,0
401,1718931600,201.147,201.163,201.102,201.145,559,25,0
402,1718933400,201.144,201.165,201.114,201.119,413,29,0
403,1718935200,201.114,201.159,201.072,201.159,690,22,0
404,1718937000,201.159,201.219,201.082,201.199,895,28,0
405,1718938800,201.2,201.236,201.139,201.162,1443,27,0
406,1718940600,201.161,201.38,201.15,201.349,2681,20,0
407,1718942400,201.349,201.361,201.216,201.255,2136,22,0
408,1718944200,201.255,201.347,201.145,201.207,2216,25,0
409,1718946000,201.207,201.242,201.143,201.175,1124,19,0
410,1718947800,201.175,201.261,201.118,201.252,2342,26,0
411,1718949600,201.251,201.252,201.183,201.183,1178,24,0
412,1718951400,201.183,201.198,201.125,201.148,864,26,0
413,1718953200,201.149,201.177,201.13,201.16,622,26,0
414,1718955000,201.159,201.177,201.136,201.162,671,27,0
415,1718956800,201.162,201.235,201.095,201.221,997,24,0
416,1718958600,201.219,201.308,201.183,201.262,1175,23,0
417,1718960400,201.261,201.482,201.236,201.323,3248,14,0
418,1718962200,201.322,201.325,201.158,201.161,2758,21,0
419,1718964000,201.159,201.219,200.861,201.04,2965,0,0
420,1718965800,201.035,201.035,200.505,200.72,4591,0,0
421,1718967600,200.723,200.934,200.644,200.765,3118,13,0
422,1718969400,200.738,201.054,200.432,200.969,2941,0,0
423,1718971200,200.97,201.074,200.856,201.023,2593,23,0
424,1718973000,201.026,201.114,200.938,201.046,2338,23,0
425,1718974800,201.043,201.048,200.926,200.98,2038,17,0
426,1718976600,200.983,200.987,200.809,200.845,2238,22,0
427,1718978400,200.845,200.95,200.837,200.872,2013,26,0
428,1718980200,200.869,200.987,200.766,200.885,2271,18,0
429,1718982000,200.883,201.048,200.832,201.01,2896,25,0
430,1718983800,201.02,201.047,200.9,201.01,2797,25,0
431,1718985600,201.011,201.069,200.9,201.025,3738,22,0
432,1718987400,201.021,201.092,200.794,201.007,4775,1,0
433,1718989200,201.008,201.415,201.006,201.383,4725,21,0
434,1718991000,201.381,201.56,201.333,201.46,4297,18,0
435,1718992800,201.46,201.57,201.361,201.416,4299,15,0
436,1718994600,201.417,201.577,201.33,201.573,2681,22,0
437,1718996400,201.573,201.577,201.457,201.531,2302,20,0
438,1718998200,201.527,201.632,201.519,201.554,1917,24,0
439,1719000000,201.55,201.651,201.521,201.641,1836,23,0
440,1719001800,201.641,201.756,201.576,201.715,1713,25,0
441,1719003600,201.717,201.778,201.628,201.777,1591,25,0
442,1719005400,201.776,201.809,201.755,201.76,1499,20,0
443,1719007200,201.763,201.798,201.74,201.768,1102,19,0
444,1719009000,201.77,201.863,201.754,201.86,1392,25,0
445,1719010800,201.86,201.96,201.813,201.953,691,17,0
446,1719012600,201.955,202.029,201.925,201.954,1453,16,0
447,1719187200,201.928,201.966,201.769,201.776,210,127,0
448,1719189000,201.772,201.93,201.721,201.827,839,46,0
449,1719190800,201.828,201.975,201.784,201.975,1436,19,0
450,1719192600,201.975,202.002,201.879,201.935,1127,0,0
451,1719194400,201.941,202.038,201.897,202.005,965,7,0
452,1719196200,202.004,202.09,201.999,202.08,1162,10,0
453,1719198000,202.08,202.115,201.935,202.083,2160,1,0
454,1719199800,202.081,202.153,201.979,201.982,2117,0,0
455,1719201600,201.982,201.99,201.716,201.89,3309,0,0
456,1719203400,201.888,201.9,201.724,201.798,2493,1,0
457,1719205200,201.799,201.828,201.718,201.802,1951,3,0
458,1719207000,201.801,201.852,201.752,201.833,2125,5,0
459,1719208800,201.833,201.919,201.797,201.846,1586,0,0
460,1719210600,201.851,201.891,201.826,201.885,1316,2,0
461,1719212400,201.884,201.995,201.883,201.961,1902,4,0
462,1719214200,201.96,202.011,201.903,202.01,2296,5,0
463,1719216000,202.008,202.102,202.008,202.039,1448,5,0
464,1719217800,202.046,202.102,201.975,201.999,1688,4,0
465,1719219600,201.997,202.098,201.943,202.082,3413,4,0
466,1719221400,202.084,202.108,201.936,201.999,2496,6,0
467,1719223200,201.998,202.077,201.938,202.011,2425,1,0
468,1719225000,202.012,202.104,201.957,202.069,2690,3,0
469,1719226800,202.068,202.332,202.041,202.257,3150,2,0
470,1719228600,202.255,202.309,202.155,202.247,2273,6,0
471,1719230400,202.245,202.283,202.024,202.123,3322,0,0
472,1719232200,202.13,202.247,202.122,202.247,2977,3,0
473,1719234000,202.247,202.252,201.147,202.007,5766,0,0
474,1719235800,202.007,202.083,201.897,201.989,3438,0,0
475,1719237600,201.988,202.025,201.941,201.986,2918,1,0
476,1719239400,201.986,202.015,201.765,201.928,2462,4,0
477,1719241200,201.929,202.041,201.909,202.024,2386,0,0
478,1719243000,202.025,202.084,201.827,201.876,2994,0,0
479,1719244800,201.871,202.063,201.862,202.009,3542,2,0
480,1719246600,202.01,202.343,202.01,202.301,4362,0,0
481,1719248400,202.301,202.531,202.263,202.44,3924,2,0
482,1719250200,202.438,202.668,202.437,202.641,4350,0,0
483,1719252000,202.641,202.693,202.57,202.666,2454,0,0
484,1719253800,202.666,202.7,202.529,202.539,2154,4,0
485,1719255600,202.537,202.564,202.433,202.452,1387,0,0
486,1719257400,202.452,202.58,202.435,202.528,1245,0,0
487,1719259200,202.527,202.527,202.382,202.406,1813,2,0
488,1719261000,202.405,202.505,202.393,202.489,1525,7,0
489,1719262800,202.489,202.501,202.432,202.491,1669,6,0
490,1719264600,202.493,202.613,202.452,202.592,1318,0,0
491,1719266400,202.593,202.691,202.559,202.592,1294,6,0
492,1719268200,202.585,202.623,202.508,202.516,1320,10,0
493,1719270000,202.511,202.552,202.456,202.456,804,6,0
494,1719271800,202.453,202.494,202.393,202.484,779,13,0
495,1719273600,202.391,202.444,202.378,202.431,183,169,0
496,1719275400,202.439,202.482,202.409,202.432,1049,0,0
497,1719277200,202.441,202.494,202.393,202.463,1424,0,0
498,1719279000,202.466,202.472,202.406,202.457,540,11,0
499,1719280800,202.457,202.507,202.429,202.477,655,10,0
500,1719282600,202.477,202.527,202.41,202.525,946,6,0
501,1719284400,202.531,202.562,202.443,202.509,1836,0,0
502,1719286200,202.507,202.507,202.146,202.204,2477,0,0
503,1719288000,202.208,202.271,201.959,202.235,4360,0,0
504,1719289800,202.236,202.337,202.206,202.217,2612,2,0
505,1719291600,202.215,202.299,202.154,202.238,1952,0,0
506,1719293400,202.235,202.245,202.163,202.171,2335,6,0
507,1719295200,202.171,202.31,202.171,202.3,1778,2,0
508,1719297000,202.299,202.486,202.297,202.478,1186,2,0
509,1719298800,202.477,202.509,202.352,202.382,1592,2,0
510,1719300600,202.389,202.433,202.327,202.379,1327,4,0
511,1719302400,202.379,202.407,202.281,202.285,1513,5,0
512,1719304200,202.284,202.395,202.249,202.389,1909,1,0
513,1719306000,202.391,202.391,202.249,202.352,1791,1,0
514,1719307800,202.352,202.373,202.24,202.355,1943,6,0
515,1719309600,202.356,202.425,202.214,202.316,3764,1,0
516,1719311400,202.319,202.42,202.228,202.37,2769,0,0
517,1719313200,202.372,202.531,202.351,202.498,2785,0,0
518,1719315000,202.496,202.589,202.449,202.548,2336,4,0
519,1719316800,202.545,202.614,202.385,202.393,2083,1,0
520,1719318600,202.386,202.463,202.315,202.336,2055,4,0
521,1719320400,202.336,202.336,202.15,202.256,3413,0,0
522,1719322200,202.257,202.373,202.168,202.289,2129,6,0
523,1719324000,202.288,202.401,202.243,202.315,2192,4,0
524,1719325800,202.313,202.314,202.124,202.234,2725,1,0
525,1719327600,202.233,202.302,202.193,202.218,2238,3,0
526,1719329400,202.214,202.461,202.208,202.449,3061,0,0
527,1719331200,202.45,202.544,202.353,202.489,2640,0,0
528,1719333000,202.489,202.493,202.327,202.467,3389,0,0
529,1719334800,202.46,202.572,202.382,202.407,3840,0,0
530,1719336600,202.404,202.518,202.334,202.35,3168,2,0
531,1719338400,202.351,202.509,202.341,202.432,3184,6,0
532,1719340200,202.433,202.544,202.35,202.382,2036,3,0
533,1719342000,202.382,202.51,202.375,202.498,2022,6,0
534,1719343800,202.5,202.537,202.484,202.529,1499,8,0
535,1719345600,202.529,202.583,202.44,202.581,1946,2,0
536,1719347400,202.579,202.673,202.555,202.658,1742,5,0
537,1719349200,202.659,202.718,202.629,202.707,1291,3,0
538,1719351000,202.707,202.719,202.644,202.673,1679,5,0
539,1719352800,202.673,202.673,202.581,202.651,1449,4,0
540,1719354600,202.653,202.657,202.519,202.544,1375,8,0
541,1719356400,202.543,202.609,202.498,202.562,600,6,0
542,1719358200,202.561,202.594,202.526,202.56,465,10,0
543,1719360000,202.473,202.501,202.406,202.474,266,89,0
544,1719361800,202.47,202.567,202.442,202.529,1107,31,0
545,1719363600,202.53,202.566,202.47,202.546,574,18,0
546,1719365400,202.545,202.57,202.496,202.534,280,0,0
547,1719367200,202.534,202.539,202.483,202.49,503,7,0
548,1719369000,202.488,202.572,202.446,202.558,754,2,0
549,1719370800,202.558,202.606,202.484,202.545,1938,6,0
550,1719372600,202.545,202.641,202.518,202.597,1759,3,0
551,1719374400,202.594,202.747,202.58,202.741,1890,4,0
552,1719376200,202.741,202.853,202.699,202.736,2960,3,0
553,1719378000,202.736,202.871,202.713,202.729,1858,0,0
554,1719379800,202.731,202.777,202.638,202.765,1968,3,0
555,1719381600,202.774,202.814,202.733,202.762,1478,5,0
556,1719383400,202.761,202.791,202.724,202.778,1692,6,0
557,1719385200,202.778,202.779,202.732,202.765,1604,8,0
558,1719387000,202.762,202.769,202.636,202.651,1636,6,0
559,1719388800,202.652,202.738,202.65,202.678,1634,5,0
560,1719390600,202.677,202.774,202.644,202.741,1553,5,0
561,1719392400,202.741,202.771,202.652,202.743,2700,0,0
562,1719394200,202.745,202.75,202.559,202.578,2498,0,0
563,1719396000,202.578,202.662,202.539,202.631,2747,2,0
564,1719397800,202.631,202.655,202.53,202.599,2894,0,0
565,1719399600,202.597,202.618,202.492,202.608,2327,0,0
566,1719401400,202.608,202.623,202.518,202.595,2811,2,0
567,1719403200,202.593,202.649,202.572,202.626,2472,5,0
568,1719405000,202.628,202.76,202.534,202.673,3351,0,0
569,1719406800,202.684,202.779,202.579,202.636,3419,0,0
570,1719408600,202.637,202.951,202.605,202.873,3609,0,0
571,1719410400,202.874,202.963,202.577,202.581,3903,0,0
572,1719412200,202.583,202.976,202.581,202.938,3353,0,0
573,1719414000,202.94,203.035,202.88,202.924,2937,0,0
574,1719415800,202.925,202.938,202.663,202.761,3303,0,0
575,1719417600,202.76,202.868,202.416,202.846,5411,0,0
576,1719419400,202.847,202.929,202.625,202.811,4548,0,0
577,1719421200,202.811,203.016,202.737,202.874,4332,4,0
578,1719423000,202.874,203.145,202.716,202.728,4367,2,0
579,1719424800,202.72,202.895,202.68,202.828,3498,2,0
580,1719426600,202.828,202.993,202.809,202.827,2842,1,0
581,1719428400,202.827,202.969,202.75,202.907,2814,0,0
582,1719430200,202.903,202.984,202.816,202.817,1475,3,0
583,1719432000,202.812,202.922,202.777,202.895,2730,2,0
584,1719433800,202.897,203.003,202.869,202.908,1845,4,0
585,1719435600,202.907,202.945,202.868,202.918,1651,7,0
586,1719437400,202.918,202.924,202.799,202.82,1074,9,0
587,1719439200,202.821,202.876,202.753,202.867,1401,2,0
588,1719441000,202.865,203.023,202.858,202.991,967,8,0
589,1719442800,203.001,203.003,202.915,202.954,615,8,0
590,1719444600,202.951,203.045,202.913,202.948,874,3,0
591,1719446400,202.823,202.906,202.822,202.861,247,74,0
592,1719448200,202.859,202.971,202.842,202.909,817,0,0
593,1719450000,202.907,202.91,202.797,202.826,962,14,0
594,1719451800,202.822,202.865,202.777,202.805,475,1,0
595,1719453600,202.813,202.821,202.675,202.779,697,5,0
596,1719455400,202.779,202.79,202.69,202.722,950,4,0
597,1719457200,202.724,202.743,202.525,202.565,4498,0,0
598,1719459000,202.564,202.724,202.523,202.702,2961,1,0
599,1719460800,202.702,202.748,202.658,202.675,1740,0,0
600,1719462600,202.673,202.734,202.499,202.67,2322,0,0
601,1719464400,202.67,202.702,202.527,202.662,1709,0,0
602,1719466200,202.664,202.679,202.609,202.617,1327,0,0
603,1719468000,202.618,202.664,202.559,202.623,1284,2,0
604,1719469800,202.624,202.653,202.606,202.622,969,5,0
605,1719471600,202.621,202.634,202.497,202.591,1894,0,0
606,1719473400,202.592,202.61,202.534,202.598,2437,4,0
607,1719475200,202.598,202.695,202.551,202.689,1959,4,0
608,1719477000,202.689,202.742,202.644,202.719,2027,0,0
609,1719478800,202.721,202.75,202.635,202.687,2143,0,0
610,1719480600,202.689,202.843,202.661,202.821,2822,0,0
611,1719482400,202.82,202.96,202.702,202.866,3219,0,0
612,1719484200,202.865,202.93,202.784,202.817,2930,0,0
613,1719486000,202.817,202.87,202.757,202.79,2111,6,0
614,1719487800,202.791,202.875,202.736,202.862,2095,4,0
615,1719489600,202.86,202.97,202.853,202.949,2182,0,0
616,1719491400,202.943,203.025,202.875,202.97,2225,1,0
617,1719493200,202.969,202.995,202.842,202.919,2195,0,0
618,1719495000,202.918,203.029,202.918,202.97,1624,2,0
619,1719496800,202.968,203.05,202.929,203.014,1641,4,0
620,1719498600,203.014,203.044,202.9,202.943,2149,1,0
621,1719500400,202.943,202.986,202.88,202.901,2624,0,0
622,1719502200,202.901,203.078,202.854,202.985,5423,0,0
623,1719504000,202.982,203.109,202.858,203.098,3637,2,0
624,1719505800,203.101,203.32,203.079,203.26,4339,2,0
625,1719507600,203.259,203.313,203.122,203.261,4713,0,0
626,1719509400,203.256,203.373,203.058,203.146,3854,1,0
627,1719511200,203.147,203.265,203.122,203.187,3498,2,0
628,1719513000,203.188,203.351,203.164,203.299,2439,0,0
629,1719514800,203.299,203.382,203.281,203.336,2364,3,0
630,1719516600,203.335,203.355,203.286,203.315,1528,2,0
631,1719518400,203.311,203.33,203.216,203.256,1986,3,0
632,1719520200,203.268,203.313,203.217,203.231,1478,7,0
633,1719522000,203.232,203.263,203.159,203.25,1882,9,0
634,1719523800,203.25,203.333,203.244,203.286,1955,0,0
635,1719525600,203.29,203.326,203.246,203.265,1833,7,0
636,1719527400,203.264,203.303,203.215,203.245,1391,7,0
637,1719529200,203.245,203.272,203.202,203.247,480,5,0
638,1719531000,203.246,203.253,203.181,203.201,621,11,0
639,1719532800,203.096,203.183,203.081,203.177,366,100,0
640,1719534600,203.172,203.193,203.104,203.168,1284,46,0
641,1719536400,203.169,203.188,203.085,203.133,511,7,0
642,1719538200,203.133,203.148,203.112,203.128,469,4,0
643,1719540000,203.127,203.162,203.087,203.109,629,8,0
644,1719541800,203.109,203.214,203.053,203.195,1071,0,0
645,1719543600,203.19,203.238,203.12,203.156,1305,2,0
646,1719545400,203.156,203.492,203.116,203.471,2833,0,0
647,1719547200,203.471,203.483,203.256,203.441,3361,0,0
648,1719549000,203.444,203.585,203.183,203.386,5185,0,0
649,1719550800,203.383,203.427,203.223,203.396,3265,0,0
650,1719552600,203.398,203.412,203.249,203.34,2838,0,0
651,1719554400,203.339,203.34,203.196,203.292,3512,1,0
652,1719556200,203.293,203.349,203.244,203.318,1723,7,0
653,1719558000,203.319,203.398,203.291,203.335,1386,0,0
654,1719559800,203.33,203.381,203.275,203.277,1267,6,0
655,1719561600,203.277,203.312,203.234,203.243,1323,0,0
656,1719563400,203.242,203.327,203.199,203.288,1831,3,0
657,1719565200,203.288,203.402,203.288,203.371,3243,3,0
658,1719567000,203.373,203.439,203.342,203.432,2475,3,0
659,1719568800,203.432,203.548,203.321,203.51,4024,0,0
660,1719570600,203.51,203.582,203.418,203.463,2637,1,0
661,1719572400,203.462,203.473,203.31,203.36,3436,4,0
662,1719574200,203.361,203.389,203.259,203.316,3112,1,0
663,1719576000,203.316,203.321,203.091,203.15,2992,0,0
664,1719577800,203.15,203.303,203.048,203.247,2868,1,0
665,1719579600,203.246,203.307,203.096,203.108,2712,0,0
666,1719581400,203.107,203.216,203.03,203.07,2913,0,0
667,1719583200,203.07,203.159,203.008,203.115,3019,0,0
668,1719585000,203.116,203.139,202.97,203.082,2775,2,0
669,1719586800,203.082,203.148,202.998,203.001,3182,1,0
670,1719588600,203.001,203.213,202.954,203.048,5164,2,0
671,1719590400,203.045,203.051,202.593,202.731,4460,0,0
672,1719592200,202.73,202.772,202.582,202.726,4243,0,0
673,1719594000,202.725,202.837,202.595,202.658,6553,0,0
674,1719595800,202.657,203.385,202.56,203.339,7364,0,0
675,1719597600,203.332,203.443,203.247,203.29,5906,0,0
676,1719599400,203.29,203.369,203.227,203.304,3130,0,0
677,1719601200,203.304,203.414,203.208,203.374,2944,5,0
678,1719603000,203.374,203.406,203.266,203.342,2683,5,0
679,1719604800,203.344,203.448,203.303,203.339,1847,3,0
680,1719606600,203.34,203.413,203.238,203.247,2299,7,0
681,1719608400,203.244,203.316,203.166,203.188,1534,0,0
682,1719610200,203.187,203.275,203.146,203.275,1780,0,0
683,1719612000,203.273,203.288,203.171,203.186,1465,4,0
684,1719613800,203.186,203.37,203.142,203.342,1883,5,0
685,1719615600,203.344,203.459,203.343,203.439,1545,0,0
686,1719617400,203.439,203.468,203.373,203.378,2132,6,0
687,1719792000,203.392,203.396,203.184,203.379,145,187,0
688,1719793800,203.377,203.414,203.202,203.384,689,90,0
689,1719795600,203.384,203.559,203.36,203.468,1636,0,0
690,1719797400,203.469,203.504,203.391,203.422,994,2,0
691,1719799200,203.419,203.441,203.374,203.398,834,10,0
692,1719801000,203.398,203.552,203.393,203.542,683,5,0
693,1719802800,203.542,203.655,203.372,203.58,3042,0,0
694,1719804600,203.575,203.925,203.566,203.703,3782,0,0
695,1719806400,203.704,203.818,203.604,203.795,3634,1,0
696,1719808200,203.795,203.811,203.623,203.706,2415,0,0
697,1719810000,203.719,203.719,203.598,203.655,1373,4,0
698,1719811800,203.656,203.715,203.627,203.707,1369,3,0
699,1719813600,203.707,203.801,203.694,203.786,1357,4,0
700,1719815400,203.787,203.859,203.765,203.819,1590,3,0
701,1719817200,203.817,203.865,203.759,203.803,1201,4,0
702,1719819000,203.803,203.87,203.781,203.867,861,0,0
703,1719820800,203.867,203.964,203.795,203.88,1754,0,0
704,1719822600,203.883,203.978,203.873,203.966,1956,4,0
705,1719824400,203.961,204.227,203.954,204.191,3437,0,0
706,1719826200,204.191,204.251,204.088,204.093,3317,0,0
707,1719828000,204.093,204.168,203.886,204.095,4204,0,0
708,1719829800,204.095,204.124,203.841,203.893,2537,0,0
709,1719831600,203.894,204.177,203.894,204.119,3031,1,0
710,1719833400,204.119,204.169,203.999,204.056,2185,2,0
711,1719835200,204.058,204.127,203.961,204.069,1886,0,0
712,1719837000,204.068,204.126,203.988,204.09,1803,2,0
713,1719838800,204.091,204.148,204.006,204.146,1685,4,0
714,1719840600,204.146,204.207,204.084,204.173,1829,0,0
715,1719842400,204.171,204.258,204.118,204.125,2179,6,0
716,1719844200,204.126,204.241,204.089,204.224,1701,3,0
717,1719846000,204.224,204.302,204.15,204.283,2893,0,0
718,1719847800,204.281,204.41,204.183,204.358,3349,0,0
719,1719849600,204.36,204.634,204.3,204.565,4053,0,0
720,1719851400,204.569,204.618,204.492,204.569,3189,0,0
721,1719853200,204.564,204.733,204.47,204.534,5267,0,0
722,1719855000,204.537,204.571,204.328,204.429,5118,0,0
723,1719856800,204.429,204.464,204.243,204.258,3688,0,0
724,1719858600,204.261,204.311,204.201,204.309,2275,2,0
725,1719860400,204.309,204.404,204.25,204.302,1939,2,0
726,1719862200,204.301,204.365,204.194,204.291,1462,0,0
727,1719864000,204.293,204.302,204.132,204.168,1345,4,0
728,1719865800,204.168,204.178,204.13,204.133,1304,2,0
729,1719867600,204.133,204.157,204.071,204.102,1199,9,0
730,1719869400,204.102,204.173,204.066,204.172,1257,8,0
731,1719871200,204.17,204.207,204.135,204.147,1846,6,0
732,1719873000,204.147,204.217,204.13,204.155,1150,7,0
733,1719874800,204.166,204.215,204.114,204.202,741,7,0
734,1719876600,204.201,204.295,204.193,204.257,1164,11,0
735,1719878400,204.132,204.293,204.132,204.274,195,90,0
736,1719880200,204.274,204.312,204.129,204.167,758,13,0
737,1719882000,204.173,204.249,204.136,204.139,611,12,0
738,1719883800,204.14,204.163,204.115,204.148,238,12,0
739,1719885600,204.149,204.15,204.114,204.137,356,10,0
740,1719887400,204.137,204.23,204.114,204.227,559,10,0
741,1719889200,204.229,204.323,204.203,204.204,1702,0,0
742,1719891000,204.206,204.336,204.166,204.179,2335,0,0
743,1719892800,204.18,204.238,204.082,204.22,2386,6,0
744,1719894600,204.226,204.345,204.214,204.31,1788,3,0
745,1719896400,204.309,204.316,204.179,204.21,1427,4,0
746,1719898200,204.21,204.273,204.177,204.231,1243,3,0
747,1719900000,204.231,204.282,204.208,204.235,1462,7,0
748,1719901800,204.235,204.26,204.204,204.236,656,4,0
749,1719903600,204.237,204.249,204.161,204.232,1666,0,0
750,1719905400,204.232,204.317,204.209,204.241,1545,0,0
751,1719907200,204.24,204.248,204.197,204.238,1307,3,0
752,1719909000,204.235,204.367,204.223,204.351,1628,5,0
753,1719910800,204.347,204.38,204.288,204.341,2776,0,0
754,1719912600,204.345,204.379,204.144,204.23,2631,0,0
755,1719914400,204.229,204.274,203.977,204.068,3645,2,0
756,1719916200,204.069,204.123,203.874,204.082,2622,6,0
757,1719918000,204.085,204.166,204.02,204.13,3006,3,0
758,1719919800,204.13,204.189,204.036,204.069,2418,4,0
759,1719921600,204.064,204.135,204.041,204.122,2191,3,0
760,1719923400,204.121,204.233,204.086,204.23,1899,0,0
761,1719925200,204.229,204.298,204.109,204.293,1654,6,0
762,1719927000,204.292,204.408,204.267,204.31,2158,0,0
763,1719928800,204.309,204.46,204.295,204.384,2032,4,0
764,1719930600,204.385,204.517,204.384,204.513,1526,7,0
765,1719932400,204.504,204.575,204.455,204.463,3270,4,0
766,1719934200,204.465,204.593,204.396,204.543,2674,0,0
767,1719936000,204.549,204.741,204.529,204.613,3347,3,0
768,1719937800,204.612,204.683,204.46,204.582,4826,2,0
769,1719939600,204.582,204.729,204.526,204.615,6022,0,0
770,1719941400,204.616,204.702,204.547,204.637,4515,0,0
771,1719943200,204.637,204.812,204.608,204.769,3387,0,0
772,1719945000,204.769,204.827,204.717,204.748,2104,5,0
773,1719946800,204.745,204.766,204.673,204.723,1516,5,0
774,1719948600,204.718,204.739,204.631,204.687,1056,4,0
775,1719950400,204.685,204.706,204.651,204.678,916,3,0
776,1719952200,204.679,204.781,204.642,204.761,920,5,0
777,1719954000,204.762,204.771,204.74,204.753,1125,8,0
778,1719955800,204.752,204.834,204.727,204.831,1127,8,0
779,1719957600,204.828,204.842,204.798,204.811,795,4,0
780,1719959400,204.811,204.849,204.78,204.847,1059,7,0
781,1719961200,204.843,204.858,204.763,204.822,456,5,0
782,1719963000,204.819,204.843,204.753,204.806,691,10,0
783,1719964800,204.649,204.787,204.634,204.738,326,62,0
784,1719966600,204.74,204.8,204.684,204.722,1333,50,0
785,1719968400,204.721,204.839,204.718,204.829,464,4,0
786,1719970200,204.827,204.881,204.819,204.864,368,9,0
787,1719972000,204.864,204.933,204.824,204.931,563,6,0
788,1719973800,204.932,204.951,204.863,204.884,526,3,0
789,1719975600,204.889,204.999,204.845,204.965,1285,0,0
790,1719977400,204.958,205.049,204.948,204.992,1225,4,0
791,1719979200,204.992,205.01,204.925,205.01,811,8,0
792,1719981000,205.015,205.027,204.942,204.998,929,7,0
793,1719982800,204.996,205.049,204.985,205.003,776,6,0
794,1719984600,205.003,205.036,204.956,205.028,672,6,0
795,1719986400,205.029,205.066,205.014,205.038,574,3,0
796,1719988200,205.038,205.088,205.037,205.048,523,8,0
797,1719990000,205.047,205.089,205.03,205.085,379,9,0
798,1719991800,205.083,205.186,205.082,205.154,932,0,0
799,1719993600,205.155,205.233,205.098,205.168,1486,0,0
800,1719995400,205.165,205.298,205.157,205.266,1017,2,0
801,1719997200,205.268,205.33,205.251,205.308,1302,5,0
802,1719999000,205.308,205.382,205.088,205.29,2243,0,0
803,1720000800,205.289,205.51,205.247,205.474,2173,1,0
804,1720002600,205.474,205.536,205.28,205.335,2019,0,0
805,1720004400,205.336,205.478,205.268,205.396,1671,0,0
806,1720006200,205.396,205.518,205.395,205.468,1754,0,0
807,1720008000,205.468,205.506,205.367,205.452,1351,5,0
808,1720009800,205.453,205.572,205.445,205.516,1250,4,0
809,1720011600,205.515,205.644,205.456,205.609,1337,5,0
810,1720013400,205.611,205.751,205.607,205.65,1509,0,0
811,1720015200,205.652,205.715,205.559,205.577,1544,3,0
812,1720017000,205.577,205.738,205.576,205.735,1143,3,0
813,1720018800,205.735,205.889,205.649,205.723,2330,5,0
814,1720020600,205.725,205.879,205.674,205.815,3165,0,0
815,1720022400,205.816,205.917,205.806,205.847,3286,0,0
816,1720024200,205.847,206.048,205.817,205.972,2680,1,0
817,1720026000,205.97,206.092,205.336,205.787,7831,0,0
818,1720027800,205.785,205.983,205.639,205.884,6342,0,0
819,1720029600,205.885,206.076,205.787,206.051,4380,0,0
820,1720031400,206.049,206.162,206.036,206.108,2933,1,0
821,1720033200,206.109,206.112,205.984,206.008,2108,3,0
822,1720035000,206.003,206.068,205.932,206.015,1499,0,0
823,1720036800,206.017,206.023,205.806,205.81,1117,1,0
824,1720038600,205.811,205.811,205.691,205.691,812,5,0
825,1720040400,205.691,205.856,205.691,205.815,1369,0,0
826,1720042200,205.815,205.947,205.808,205.888,875,5,0
827,1720044000,205.889,206.059,205.87,206.059,1194,0,0
828,1720045800,206.059,206.078,205.996,206.001,526,4,0
829,1720047600,206.002,206.059,205.995,206.024,458,5,0
830,1720049400,206.024,206.067,206.019,206.038,808,17,0
831,1720051200,205.917,205.963,205.858,205.938,271,111,0
832,1720053000,205.938,205.985,205.842,205.866,1267,58,0
833,1720054800,205.878,205.976,205.847,205.967,456,3,0
834,1720056600,205.972,205.988,205.94,205.965,177,2,0
835,1720058400,205.963,206.013,205.958,206.013,379,9,0
836,1720060200,206.014,206.056,205.963,205.977,698,9,0
837,1720062000,205.977,206.013,205.824,205.918,1552,1,0
838,1720063800,205.918,205.979,205.755,205.845,1514,0,0
839,1720065600,205.845,205.853,205.492,205.785,3352,0,0
840,1720067400,205.784,205.794,205.707,205.745,2111,9,0
841,1720069200,205.744,205.792,205.67,205.778,1537,10,0
842,1720071000,205.779,205.79,205.708,205.777,916,10,0
843,1720072800,205.777,205.779,205.704,205.742,865,8,0
844,1720074600,205.747,205.855,205.743,205.82,764,7,0
845,1720076400,205.822,205.891,205.784,205.873,559,2,0
846,1720078200,205.873,205.874,205.765,205.8,565,9,0
847,1720080000,205.801,205.848,205.774,205.806,834,4,0
848,1720081800,205.807,205.867,205.783,205.852,1146,11,0
849,1720083600,205.852,205.852,205.643,205.68,1710,2,0
850,1720085400,205.693,205.828,205.675,205.711,1670,3,0
851,1720087200,205.707,205.798,205.668,205.728,2012,0,0
852,1720089000,205.731,205.757,205.604,205.684,2098,5,0
853,1720090800,205.682,205.782,205.652,205.743,1836,3,0
854,1720092600,205.743,205.751,205.631,205.672,1952,0,0
855,1720094400,205.675,205.726,205.619,205.639,1800,7,0
856,1720096200,205.64,205.684,205.575,205.586,1336,0,0
857,1720098000,205.587,205.661,205.474,205.558,1387,0,0
858,1720099800,205.559,205.617,205.452,205.452,1424,5,0
859,1720101600,205.451,205.476,205.291,205.465,1731,5,0
860,1720103400,205.464,205.486,205.295,205.314,1755,3,0
861,1720105200,205.314,205.44,205.284,205.396,2376,0,0
862,1720107000,205.395,205.486,205.384,205.433,2167,5,0
863,1720108800,205.435,205.473,205.383,205.473,1710,1,0
864,1720110600,205.472,205.585,205.442,205.574,1257,5,0
865,1720112400,205.575,205.637,205.428,205.463,1550,6,0
866,1720114200,205.462,205.591,205.418,205.544,1654,1,0
867,1720116000,205.546,205.718,205.534,205.712,1290,9,0
868,1720117800,205.711,205.711,205.6,205.615,432,0,0
869,1720119600,205.614,205.646,205.587,205.632,587,11,0
870,1720121400,205.63,205.659,205.611,205.613,386,2,0
871,1720123200,205.613,205.623,205.583,205.603,319,8,0
872,1720125000,205.604,205.63,205.582,205.63,286,10,0
873,1720126800,205.63,205.749,205.63,205.73,406,1,0
874,1720128600,205.73,205.78,205.725,205.779,123,10,0
875,1720130400,205.773,205.783,205.684,205.703,489,6,0
876,1720132200,205.703,205.743,205.668,205.726,282,2,0
877,1720134000,205.726,205.799,205.726,205.748,854,12,0
878,1720135800,205.746,205.785,205.718,205.723,1280,12,0
879,1720137600,205.688,205.809,205.555,205.682,301,73,0
880,1720139400,205.682,205.78,205.659,205.703,2447,22,0
881,1720141200,205.718,205.73,205.655,205.691,1525,5,0
882,1720143000,205.691,205.75,205.674,205.723,523,9,0
883,1720144800,205.723,205.792,205.7,205.773,608,15,0
884,1720146600,205.772,205.845,205.772,205.805,763,6,0
885,1720148400,205.806,205.851,205.612,205.66,1857,8,0
886,1720150200,205.66,205.684,205.312,205.591,3316,0,0
887,1720152000,205.589,205.662,205.381,205.608,2802,0,0
888,1720153800,205.609,205.611,205.454,205.531,1576,5,0
889,1720155600,205.542,205.572,205.432,205.469,1228,5,0
890,1720157400,205.469,205.496,205.421,205.442,684,5,0
891,1720159200,205.442,205.467,204.981,205.021,2690,0,0
892,1720161000,205.019,205.184,205.018,205.119,1710,1,0
893,1720162800,205.121,205.175,205.021,205.117,1337,6,0
894,1720164600,205.116,205.171,205.076,205.14,967,2,0
895,1720166400,205.14,205.273,205.129,205.185,994,5,0
896,1720168200,205.185,205.239,205.126,205.174,922,6,0
897,1720170000,205.174,205.255,205.071,205.2,1558,1,0
898,1720171800,205.202,205.336,205.186,205.297,1391,6,0
899,1720173600,205.29,205.354,205.1,205.328,2458,0,0
900,1720175400,205.329,205.517,205.288,205.472,2070,0,0
901,1720177200,205.464,205.467,205.362,205.398,2037,0,0
902,1720179000,205.398,205.429,205.257,205.409,1510,1,0
903,1720180800,205.406,205.45,205.254,205.367,1547,5,0
904,1720182600,205.366,205.517,205.336,205.49,1492,2,0
905,1720184400,205.493,205.522,205.42,205.511,1264,0,0
906,1720186200,205.511,205.667,205.432,205.631,1584,0,0
907,1720188000,205.631,205.724,205.572,205.695,1442,4,0
908,1720189800,205.695,205.724,205.549,205.593,1800,3,0
909,1720191600,205.594,205.738,205.325,205.347,3086,0,0
910,1720193400,205.343,206.17,205.271,206.048,10703,0,0
911,1720195200,206.048,206.125,205.916,206.075,6426,0,0
912,1720197000,206.075,206.441,206.05,206.397,5710,0,0
913,1720198800,206.393,206.407,206.073,206.138,5264,0,0
914,1720200600,206.136,206.139,205.923,205.997,4611,0,0
915,1720202400,205.995,206.082,205.777,205.792,4641,0,0
916,1720204200,205.791,205.917,205.752,205.84,2708,0,0
917,1720206000,205.843,205.966,205.791,205.923,1813,4,0
918,1720207800,205.923,205.964,205.868,205.902,1604,0,0
919,1720209600,205.904,205.988,205.89,205.935,1426,2,0
920,1720211400,205.934,205.959,205.905,205.939,1327,6,0
921,1720213200,205.942,205.953,205.894,205.898,1057,10,0
922,1720215000,205.897,205.989,205.883,205.983,1196,5,0
923,1720216800,205.981,206.006,205.936,205.938,1028,10,0
924,1720218600,205.936,206.051,205.934,206.034,1009,9,0
925,1720220400,206.038,206.058,205.993,206.043,501,11,0
926,1720222200,206.043,206.101,206.021,206.026,1126,14,0
927,1720396800,205.607,205.739,205.602,205.615,158,182,0
928,1720398600,205.667,205.954,205.618,205.847,1210,95,0
929,1720400400,205.852,205.969,205.824,205.903,1299,6,0
930,1720402200,205.903,205.951,205.856,205.89,318,0,0
931,1720404000,205.888,205.942,205.787,205.814,693,3,0
932,1720405800,205.806,205.838,205.657,205.708,1189,0,0
933,1720407600,205.711,205.8,205.644,205.703,2055,1,0
934,1720409400,205.701,205.794,205.645,205.656,2062,5,0
935,1720411200,205.659,205.792,205.639,205.698,1659,1,0
936,1720413000,205.698,205.709,205.484,205.505,2391,0,0
937,1720414800,205.507,205.562,205.312,205.431,2133,0,0
938,1720416600,205.429,205.486,205.285,205.419,1977,0,0
939,1720418400,205.421,205.593,205.415,205.541,1054,4,0
940,1720420200,205.541,205.741,205.541,205.646,1606,1,0
941,1720422000,205.646,205.746,205.641,205.687,1141,6,0
942,1720423800,205.686,205.721,205.599,205.718,871,9,0
943,1720425600,205.716,205.788,205.677,205.738,1126,5,0
944,1720427400,205.738,205.841,205.697,205.841,1210,7,0
945,1720429200,205.84,205.857,205.618,205.809,3025,0,0
946,1720431000,205.807,205.996,205.772,205.905,3177,1,0
947,1720432800,205.906,206.084,205.848,206.071,3802,0,0
948,1720434600,206.07,206.223,206.016,206.168,3194,0,0
949,1720436400,206.166,206.27,206.165,206.221,2660,0,0
950,1720438200,206.22,206.537,206.219,206.504,3624,0,0
951,1720440000,206.502,206.502,206.312,206.337,2723,1,0
952,1720441800,206.337,206.494,206.327,206.434,1819,2,0
953,1720443600,206.432,206.453,206.347,206.439,1937,6,0
954,1720445400,206.439,206.477,206.253,206.265,1945,3,0
955,1720447200,206.263,206.423,206.2,206.383,1936,3,0
956,1720449000,206.383,206.62,206.381,206.613,1716,1,0
957,1720450800,206.613,206.661,206.377,206.443,3882,0,0
958,1720452600,206.443,206.498,206.27,206.294,2832,1,0
959,1720454400,206.304,206.371,206.173,206.325,3328,1,0
960,1720456200,206.324,206.509,206.278,206.294,3773,0,0
961,1720458000,206.299,206.299,206.117,206.159,2591,0,0
962,1720459800,206.156,206.264,206.034,206.119,3175,1,0
963,1720461600,206.118,206.191,206.048,206.169,2496,1,0
964,1720463400,206.17,206.247,206.112,206.202,1851,7,0
965,1720465200,206.2,206.2,206.08,206.167,2101,7,0
966,1720467000,206.167,206.174,206.07,206.07,925,7,0
967,1720468800,206.072,206.083,205.989,206.02,1029,0,0
968,1720470600,206.021,206.023,205.919,206.005,964,4,0
969,1720472400,206.005,206.005,205.939,205.977,633,4,0
970,1720474200,205.977,206.027,205.891,205.998,979,0,0
971,1720476000,206.0,206.0,205.919,205.931,1146,1,0
972,1720477800,205.93,205.974,205.892,205.964,1421,9,0
973,1720479600,205.963,206.009,205.931,205.971,613,9,0
974,1720481400,205.972,205.984,205.941,205.98,520,13,0
975,1720483200,205.869,205.949,205.839,205.946,208,55,0
976,1720485000,205.942,205.978,205.874,205.89,809,1,0
977,1720486800,205.909,205.979,205.909,205.944,334,12,0
978,1720488600,205.945,205.959,205.927,205.941,301,15,0
979,1720490400,205.942,205.96,205.904,205.96,419,13,0
980,1720492200,205.962,206.157,205.961,206.141,544,6,0
981,1720494000,206.145,206.146,205.988,206.063,1387,7,0
982,1720495800,206.063,206.096,205.989,206.07,1466,6,0
983,1720497600,206.071,206.139,206.027,206.138,1194,5,0
984,1720499400,206.137,206.152,206.064,206.095,1370,3,0
985,1720501200,206.097,206.249,206.063,206.175,1660,2,0
986,1720503000,206.176,206.213,206.109,206.145,1424,6,0
987,1720504800,206.147,206.178,206.05,206.173,1305,6,0
988,1720506600,206.173,206.298,206.162,206.221,919,7,0
989,1720508400,206.221,206.256,206.136,206.231,1353,3,0
990,1720510200,206.231,206.232,206.081,206.159,1075,4,0
991,1720512000,206.158,206.171,206.114,206.132,810,5,0
992,1720513800,206.135,206.17,206.092,206.111,1091,7,0
993,1720515600,206.114,206.135,205.935,205.959,2616,2,0
994,1720517400,205.958,206.015,205.948,205.96,1382,1,0
995,1720519200,205.96,206.061,205.887,205.981,2526,0,0
996,1720521000,205.98,206.023,205.859,205.947,2447,4,0
997,1720522800,205.946,206.148,205.886,206.132,2074,0,0
998,1720524600,206.132,206.244,206.089,206.228,2265,6,0
999,1720526400,206.231,206.278,206.171,206.278,1964,4,0
